{"file_hashes":[{"block_hashes":["sEEXUxjgJBp5wZwR9l+zranC7b7x8JP9X/mzHsWEoPA=","iOUFbOfdv/zgNvwADd4TR1Qeb6/BVTzMG1s/Jf/+jGc=","8XtqGwmcmE0IX0tVf4YQmx4f+Vi/TYZY1M7snWCOL2o=","0rEuyDUIQWB3IxIFkj8vQS5MWaJTSwerH9uPQgbYqKo=","dT872rPPcEEEn7sc3cRo0haE+3di50te3bBXlC/DIDE="],"block_size":4096,"path":"_locales/iw/messages.json"},{"block_hashes":["xklkoZ7iSU1+7cd6DAtEmUC5lPFd+EgcbnzxkOiFwlk=","3KbsvoxKY/3AwqgF2aAdVQRpMhsNVRkQ3rx2A6Z2Z+Y=","o9+tsohquaCMj+70zeinRG/hBhA2uLoDl/WoC1uokME=","xV/K8xucyWJELVT8Cqn+ugFjobBVmg8pnmACF+2PP4Y=","p/mvJm2wuCl32Rx3it654MljKAsMe3S9IDEabc1A8mE=","j8mPrTb5oOsBTj2Fer78JE6xG6+kR64Cvu2SW8d3j/k=","nqSRpGQ3USU2bZJsZ+AzBmFOyann8omwJrhEWFZDTXc=","eTcQyJUuNuF9yCga/fXGyFCj/pysSceanhBzksdx23s=","Wj7faqnspelXKMvnduxHn1XUBG8TEOqyns7/oUihekM=","VtBwXoadI3EP336rAiL33Gz19KGqtN+RYdKnMKAXoLw=","iDgLXQqXJp8nCZxgLuC9LXM45DGfufvGnXvmHsn18wc=","g+RfdDfrWTUK0Pkcsbot7NJ4SC9wVRV/dVVMuHAtEj8=","2oC4HcCuXu3VjFf6wnKlznt9uqQNaebcuWpm/mWj69U=","aMUIpuFqPMiieSaWhIktCK62v2P3OZQAWupWsYzCnvk=","Lnb2LEtMtLWJCGUtUWftkTJKYT4zghUW+ljGX4+sMR8=","uD0VvuyrtMX8pL0Srswz2hCkA7SmqjZnLilZfK9gPBI=","5bwMxC3nb1ezecoNeVioa1ZQ8NaMfIOmW5hWVw0zs7Y=","8SU/I+rd4fcUukIumOV/9Fs3XQrGmugUgWHudyHZ70I=","mqVry7hishUun7pF3sSisqWrDjtBlgxkgu5VoS3KtF0=","kb5ooIgYWxs1F9yz2sU1Cc5u2CGefQHoUNRvf7gogwo=","2YxkAo9sFByHglpi6U9E/0XY1TUx9CfBWUKvq3ScP4c=","ZkMVos9J0E+0rQftLM+orOc0HOX09RCRkofVzUFaA/k=","mR3Ih3h6UvgYhwJlKO2xO8Mr0hLErDDs9JyagXXK4hI=","39iTX4rq5sAOWaoOsn/agKJDjlZaMfW9QRLM8+oN360=","JMqQGf6Wm+opg8xL+eTMnsLdha6EMX89wlTLr9UWPZE=","jsj1zH8moBkoh6nBWAWtrj61G25oHBpcnlQX1PsiOHY=","qJdgZ4n9eZMi3+Tl8GfnbcfZUVaRi1pv24kdbY98Jxw=","fiZ0Y3o4yqnx3BHA4rfVzZqHkFOa+3SqSqYwdvdurZg=","KH8Hv16c0W52KIBIVnwIsDz/rsces6rML4NSI3bAmFQ=","jOlo55B2UypAU8z/YCzSTTJ1j0VNU6S7ztgSD/JcXT0=","MlEMlI3tGc8st55i5fI5ZvQFqLeqsb9vG6Xf5GHLing=","T6a2HQbXYdUR4KeNVId6VeX33e5Pt0Cp6SYxF1A8Yf4=","pW2IlryenDyzGZozQtj3hdg4UuGN3mnTSNurRDZmi6U=","IuNqXQIIQPrDykcCqqe21Lsu2M0j1o3Nall7exENWs4=","w8HKTQNCUlGfaRykptWOJ49MnRz5sLZdu9SO9ug65lc=","ZqkXoqesZhZgnCh6a/f191aEF1JRL0aON36WpJSfHRg=","oyxotQBgCVPUIvqCiFcXXM1qRjPOUFspR6HN8ugBvwg=","Fv8erdjuEWnPZGUYC2KObvT6L0kVcYsZwneYO8eSxJ0=","7CcGnDOHCqdytvRn/wnw2ZsIv68q5LNVOnU4RtYgo3g=","As4QTQlc0z3wyao0Sn9tUBtEH6kabRl1TaRS+3rY/h4=","/VRMj5LlILpi7BJZhgs54xqV4YzzBsDQYjjlIzlCK0Q=","64D7dzmLiwh5T/CwAk6WJt9/y6gzJPS+by7wVs0CHXU=","KAVcPUDRm0/y2ofETrkAKS71dITWxDZ05Xu4QB+4GhM=","wUv+SxD6yok3GaM4OILOHDYxica/Rg0pqvsIEUi+ZnI=","HV95au9ooSv+VTwrRdRhn4BbcXT85kIoPTgzRDCmMu4=","wxhiYWfNrNY6S/xKNC4598xetb8LIb1Bd/Q1gVO2ZnU=","ZWsuz6IAtgj6zX2sU4mKNPj8XFlQyClH5U6UB56lVR8=","FetMJ9IlwNW+FCGUFBgS7/B8kWgmimIGrQxtIac+D3k=","raV30cU7djzGywSHVfg281Xq0XS3C7jXG08RSaTPslI=","foMy7/58eJrh/O5ybuyZwOEXq+8rs25UJXrQbtRPn/s=","Hj5deMH+x2eJuzE+7m4WcKU8W00zSM4VpBS+BRKsp48=","KpvWF7Z40WvCIGCwBkozPHPFlc/j3tPpKBGVPYBvu8s=","QnAfGSKUfnAWoY+ThyyF+dZOfGs1wjHHBu3EKq0g3S8=","i9e8rLDPvddANe3t4IqGUq+3+bBlJCxYeHU8mZpN7FQ=","rbsKP41+tVDVqIUfR39/pfZ+2i0ghgsTiigtrVEbkVs=","kwcXCCExjFbjAOYvYnF8jyxiHg0/E0dJRjkALpZtMvw=","HAIZEhq2bsaIaVwWOvMwTgAHKFPcX8xgJVuA6swoOio=","L+qHJa0YYLLMWDDKg7Mg2pq3XHuX044wsfU5FuE1I4Y=","U63ZtB+CQIooVlsQbEWWF5NR91jwa7p1V6wLOGm13Qk=","yHZVmvR6I5lQNdAFszST7LjmFZWXmlrFjqdI9bWsULk=","b7PWaU7b38juVAaI9H+sBGQp95S32DUtq0vsZliNzzQ=","OkDJ1MDv7/WfEMc1EFzmkinYF6GKJdNJQjPjPjBoqq0=","DNzwoLiTyX0UHUEXgOXhcD7yieThU8kML18mVqqi/eU=","PYvgqFp0ctaEBgi5hZ+nKbnXa3uJGecOjf8u9RGED9g=","N90L16TsPWi5c4YUAkhPXL7KaX+Ngs0nXdoTTRSklq4=","jx/mXfrCLiSocFHF9XFOwu0N1KgpQeJSDnCLz6NiPp4=","xvhZymv5jK98cJRSfmlPGDFZu2Xp0NiaMW1Jtv0yqq0=","0EBHXzXzjVMsZLml2942wuoV88SGSz+JKYbw98fYzBQ=","WRexTASyiwio6ulxwAysXwQfrb1+wvHUOH/JCdnR/GE=","Q4ilr/hRJC9DN3NLFShnSg1ofoWe0eshuC3iouLvRa0=","bKByUfWyanh0ugiLynPEjQdp+IS361PTvyRmhm+Sdb0=","lmsfdI5o1drP+WjlBppQtIbh5wEY6qCVgU1pYiUCIx8=","4SwqHfAHzgXLlJWQh7CJwmYV8s5bOxpEogCHdB+wgZI=","4mAa01zy+z3YWW55lJ0IUnT7cKK95IdFK3aiM1NzOjk=","wTIYRXH2WKspdspqh/utaNnOkZagYb9BuFzYe0p2QHo=","AIoi6rEZhy4dWt1eIGw7dE89L2yr/yy+MB+CgAzpuKg=","tnYnw8Ltkn23MFXVsSOHs+mCKbvrTBFDhhArTLaudiY=","9qtPnJ9GtESFBhFYvIvWBPXZxQqD25yiFOvJ3fLhFQg=","MV7mez8u/fIYY8WjK6GvdfKYEA95H0IMSUurLlY7MrM=","oRRtEGUeU7qqN9uuKzxY6OaWPyLniZ19Vjx4+JR6UHQ=","YRUxpHlnRbZSKD8nKXyauicESMXwabZ0X2B2iN0UDtQ=","Irh+I5wciVFb6AdvrqrzjMonfTEs110rBMOqdOhxSMI=","a/egYUJy86/dpA4Ehg8IcN5zzGAUVePgiGyHGiX8Vwk=","L9K/K7+9u3XrmijFTbVQ8SUc5uiea65mD8ybj/LzMxA=","ffNk8ddkyu1mFI8KXfTXyOQH5HlaxPM6JcAsy9kciKg=","jovJ2qFGrqB59jscjuivenEnU0lo9OJFnKRYtoONrUI=","zrnr6QWFI9cPUaUf1GJcRY1L2Wl3ZMvZA298a9OQnKY=","TxXJ70PKpcfqYZ4jpG84DfvZWUEjK3McJTBx250AecI=","EsnP+63tWn4yqA9uPgRXZtAV/+t8jFGJ0/AQqRRx91g=","lmOxKXNJKojBGucAy0Qwy1R4nbkln7fy4h0NU2CCgIU=","T4PX7QzUV9/UBZkbhtMKsYP04TetofwmmB+RNm1roGs=","3ZW6EkA+OAPhnb1rKEjvwEVWbQ3/ndi8yNaQPn+J/vs=","7mHQ3KDpBtk8AyEcLhQNMHfKURA1m3gAPj80IR30ecI=","rvURROE82URuXs8XQ1WcdPZGv6ZZCmKJxEyF8VjOgsw=","XvVshKNA6TyuPz1iTpfzdj2nelCLQtX/8CLr0swElbU=","oPHR86v2vOxnoUiyGq6Xo38eLXEHw0nDsixXKXn8wYQ=","Bmz8UvujeU91F3RHQKLz8/+j37vcl1M3TdqS/kovolQ=","TdgRaMUdYGOFNrVPCweEb8cwjsznib6XdKMMELVz5qM=","yQP6UzQHJI/yQPlVSx7W93skBLYdIHX9wIMgZr6QNaA=","0qnc2u1aGLB6flyxgTj8gC+ta5IK8fuToPzFJctCdPE=","hvczlyqeL1fRWT/EeGrf9kYGrqxYOc4KvPjdjvZssTY=","3gbYyYJ77kshiWiLvnsjLZl80KHd4mjNx7LHWKwL7LE=","MkEJYpKtSiGWct1O82M3WdMPdPFRyfaSMwFko/01z+g=","slQ7UvQQhNU5Znl8CzS1KuaGmma8eD0ymBhi7BX0LWk=","/pvJZF4CMlz7dxL87G48Y6WJYk7p8BxkIuo9iJtIqXQ=","MZDOoRcXWrz1Yjbu1KEkc8H3yn7ui+yxqHSzkUfJwgI=","bHNOGihZrFM1PsS/8LYnFFK54ok+6F8SIiQ1NNqGI0g=","v7QaT2yRHAfOY5j2RDERu+ju4Ke0l++SmMEHEF++XxA=","T83T1qyY0Ror8Lrw+vI2Mg0bpWnAWD5UQlHM+l/AkrI=","4PUsUH8eq7RmPbXUGsmp8O60wKYdlZaVn+l3zQ3uVGA=","7M3g3wPtNN2HLyY4RfAIYTPDfpIXE2UY/KdJwFLwAnM=","TuyKyBtm+22QWVbZtMwRkTT4yHjR1jrrO/R8TwFOeOU=","OUQbv0o4XXJGuQ5/BD3CPFur3rsw027OI4ygPrOE8+E=","zBp02czbZb0CrH4GdHEInjJrqn/nkHGFW4kLkMzvrmU=","pnUYFzRcKgGwTt4FNKyaAkZXv8jVGwUTLsvNMVod4EE=","aqtknApAgjK7NDLuzcJb2ycXC1qqqTDZvIKtLePtOc8=","LA8fJmyjgaT3qSIf2E/uGe5x0IfWobpwnFUYtqkRwg4=","rJmWzNfTusQZW1kn5JEwmLNknWa+/6iGadxTJCO1SFA=","PXyedcZtDbe6wjS71iltnZ7sYDsoO1VMwgWXd1+8olk=","BHHwnCiYLlJKDRQPKrJ1q+i4dQxzcnDTyMNLs2Vn+HQ=","l3vg2m4mAtEiLCVYeL/fRwyg+zJ/YIfl+ac/g56EscA=","k5mf8QMk1SdhAhZT58qltrqrutI8jzBrs0HFEtp91e4=","CYsMQ6woRnMN6djQe0FNZU9qLQdXP8xJ3d1SXqOFcRk=","aTTrmqplCewKAcEaV/akfAyL2tZYopReQxgbFugaZ2I=","ZWQez+a1I0N6MindUX0VYuLLER9Qj80Pfyv6JUFVkKs=","CfPJ6dug/LHzb9/rqbtZry478EP/57qu0Y9E8X9PhlA=","JozyVIvynjpwcqSBCevK9aLUVljzqYIkkvL7IhxNH0w=","W5ggBFnPchSk+x+Hl006uFKH/J3wrj9xyWyvb21m1sw=","B7vw8dt6XKIjgtGndkLuGx5GwkuQHMinJYVkljKKHHU=","c9Sok1cMrf/2xlaJleNSze+iqBOy6yW7CVXPLWd6pX0=","fjhCV5WKWuu9orR/9zr4/qPeuk2PW/y4dMJXMzDI+e0=","gUwQLPXoaIaGgWel7pxwHIKzC7uKihSc2EJ1REAiJcU=","ZzcrN6E2a8ANCe+XBDLqpG1nuhdv/7tSrY5BhbiJ+2Y=","iD3igtJPfSH5PJtdDbIOiSFtTUZjLMcb78IaPRg4M0c=","/bc1VfnCb8SAqnIJQrFadFvM/rvW8jLAX52Ucpo590E=","bNXj5XfG1wNhEbWQCotESGAzyjCJtXLRNgVN1UJq3sc=","HNExPZvcSHV/ZY0OMqyNKuet701WZS+kqYEHpSnd7zc=","MQQve6MLcjbX1RKO7Q+8lG4PTu34euIZ6UTqvUn5EH8=","baGHWvS567ovFjEiy2aYRwTHlJQghEYCVM+uNBXyYJg=","jpaStWzmT+3P8RIGkmaZEyk2l3kmd8OXbHF9BwrBgiE=","FdM17r2zjsXtLOt+eagFLy1xQ0QOS0F5On8vHhQ4axg=","HMuHyCVwCnHy7eieYJKrf+p5pH3TVoFDg+dg8MP9YnA=","IEdUkG2DOv2ZYZpBGVhXQm5S2GS5AYelLBocSpCv0p4=","i4t04/DThEeMacYzPUyfJSh1U8b6WXIIghdz1Y7fAY4=","hFO6/o1hjcwJWTgoamzIkxpOIt4qm76PW93NwWQ6RKk=","XqJJdH6G3wnXEgpP3kYSqwVaop17ztADWhB1H7CV8iQ=","Ew6pd4uY71P6CQ2SySF5u1ZVlztr3CBPDzRAqgQsaeQ=","F4GAU7ZKIZNBB8IQvw88jWq3ROPMIMumnf66YyFJEtM=","vdBPyVvxhAX8IBegUfnCFd/vdg+SIDTQn+3mfh2kBqs="],"block_size":4096,"path":"angular.js"},{"block_hashes":["SDHUFqzvMVro2IZmu75sI1Ovyyz51WzPsg23wXSI48o="],"block_size":4096,"path":"background_script.js"},{"block_hashes":["iMiXa1a5RVgXv+obAvTxtt2G6hGrV4emTfkNxTXqElA=","0FPttnfgXJ8xUeVi67+3LFaHvNzkeToz3+HJijThOjY=","XFJZxXucS6oTXRqoUk6EoEZonJZzdwQ96BFjpU8XaqQ=","ZCDgDoR4MFYjC7EqCCVCWOtGW1a7dB8nN/SfTwm9o1Y=","fGR+jABZVEcmmSXrv1BmKaLS6j3yKz4Yd5wsOBeWISk=","uU1ZFui8oe9oWwqdk+VfxwrtcRaa3B5CM/I1eoQSk4Q=","wIRe24W3WjYR7dvafxumnkXdSEGttzvOmcMJPI+fA+I=","liC9yqna5nhzqO0ZFV9fGBpkxC9+LElhbklReAoAY9A=","lRNYFRLcAZpyQw72SDYOHM76hJ6eWxI7Fa4JJVGCR0c=","bD9b72Yfpbb7tErg8Oxyzri/xiTFWARAgvIwTYfRhiw=","UN8CN0j0WbVGeQqzboXJZLTfAjdOJzEEt0zFAavWBqM=","ZTL8a9EfWstNWI+FxJ+z1IRzs8sTCm9ZriynT4cdViQ=","vTWolEkm3DiEd5idMMTa3QINWmhXfSjqnkHE94ZH6z0="],"block_size":4096,"path":"cast_sender.js"},{"block_hashes":["8PwHuj/kNvsZFnPTmu3my5C4RQf16fSre6VRCUbkgj0=","IF8RxzTeosTUniA7NkP/b8PJE31msBZCGuW7H7eUGn0=","VxOIR6uqMeXKm76+YhPJh3YzDFPYMqQLBqT12TLLzgw=","qyoUNWclWAExym0gam320UbE9DC5zICrFTQDtpx7VzQ=","TY315lFBjIYWhMIx8GuJNvJoAD3KuQJjHWAfs+cqxJ8=","3mUaXw1XBD2JpgRfHsTY7qrEcvu09dzAht6ENvJgb54=","7l3paYiSNfzPFMGERAtPu5gEWXbs9yTmU4Vn+K4JN48=","MbH6MdVFt4VoUFacvFfGuqXFDLW/SFFQkdhv6VL3O4A=","WOloOzx14vfz9MD/Jpg1EJ7bnZ7cdJBmSAaYPrlnuDY=","BkkPvHk3MteiOWO+v2yZHUmCumWifrvt0YL+Fa0Rr3k=","IxirQI2z7SAh1s7ACj6cPO0rPEQXKlbKWFgP19SB78A=","EPt/1vA83+CWwrpzCa0xNj0v2fKwFQYhAW0XFmO4W6E=","t+WIiT363wqnNqQvtEkbuCgJborZhFaQvGK14U5IJIY=","yqIYCorp7IVsvw9oo9pC1uG3Ncg9gsBIalLCS6U/he8=","FGeE/ddjtmGUC0J6yr0AYy207N+icPOUjbkvD0fmgJ8=","16Cr1T+Rs4WBJgQnmH1A6+FMyssjg7+p5sm5iieEiP0=","mPIFHqrNSh2F/r/EzQ2/FMRz2RhzZJHfnBRLNFMbnwA=","kc2xOoDDwfCi05LcywcaQUDbEWxck5TeQvpWQ8LFRM8=","1L0AGgOHV7qM4rU3wMvbbskz+Hza/srq1wBHe7/GUe0=","3k9XhUp6STCDTN5C88winB9pC1c4Xt5c6W5octGg150=","WyfetKdhMU5Fu681rX4GjSImxvZT28+nIwYpth/cGiA=","E0sWSva6vjp5TqwVproQ8nmMKQD/B/TT9yQgm/D+P4k=","6tm3cfZrg41dEVueWvbyDMnbKER0onDt2wOkxGC8tKc=","Qy4KMtJD7cQ7W7U5AI7qPHfnLdXsK3d9VPXyskxrBOw=","Zy0/Oq2lXyBs72MlM6wapPxRnW4M5erihh2iB+Fl5v4=","4qUirPIT2fEUPfc27gAkqkM36t3ld+rtxBFvePsTry8=","FY51Vg+aVVfS9ljwzp/dbcd0IzGMeYszGrQQwtTrVi8=","MYyUmRhM6y/80cPESVlhQsU1HWoBffylXTOG+u2HqkE=","P5lg4I/h6fueJOzphybqKdLK3/ShWIyX3I2imtCKxh0=","RMCCnEKR4HxuIGxgdMiuzn33V2r+MsmHXD5VFJSHedk=","Th9HcYAvsWAnVUcHW3dGqt08qkqjBbCRCe4L+KLoEn0=","r3JK/z6ustSlixB2Yow9Mbm2/0MrxoWGaxASvP5sShQ=","HuG46OfoYDUTiURzyeznqLl4feUaas2Uf3/7C0Pv0xI=","fB9wrgu2O6Pa5O3cBWzVjkhFHtXUaeRfAlAS5vrhtQQ=","H+4y8wrCvB4Z2HBz5ArPk1zVygbilmqb9v54VDW+ERs="],"block_size":4096,"path":"cast_setup/cast_app.js"},{"block_hashes":["MgZYQcljW1IzKvY3IiIgWpKHSfmbO6rjKZM1FZ2P188=","DLGphte5LbnDdGH/OckkxlzcocHzrPdl6fr8xFbpNNE="],"block_size":4096,"path":"cast_setup/cast_app_min.css"},{"block_hashes":["dTwALeCXDQcyvhysuprD4451so0ugiH5+n+7R3ARtxo="],"block_size":4096,"path":"cast_setup/cast_app_redirect.js"},{"block_hashes":["taGCF4ENrTOcSVKI7QV/FfANl3uFO87L3JlKRoPD97o=","EltQy9OX8Q4Oy1HWZBAVFi/ap/KEE14lgPhwSpvpDMM="],"block_size":4096,"path":"cast_setup/chromecast_logo_grey.png"},{"block_hashes":["JeWGdbydRffIYOAWNzJqZh9oodNg4lCHBuzPpAjt0j8="],"block_size":4096,"path":"cast_setup/devices.html"},{"block_hashes":["0nkscO9XXZ2CKtbiuAS+wTonSuyWmw+New24s12/qDQ="],"block_size":4096,"path":"cast_setup/index.html"},{"block_hashes":["JeWGdbydRffIYOAWNzJqZh9oodNg4lCHBuzPpAjt0j8="],"block_size":4096,"path":"cast_setup/offers.html"},{"block_hashes":["JeWGdbydRffIYOAWNzJqZh9oodNg4lCHBuzPpAjt0j8="],"block_size":4096,"path":"cast_setup/setup.html"},{"block_hashes":["hyu9/vTq3eSlAMkWVY3Fc2M8ib8zqwI2fmbJYBBwmzY=","TOQhbYOCMdlhjAPMw9b8cGPrgk9mL1xsAgpqe30TSY8=","iXFQ135f17Nn0Sn97CqOGUE4vwHu6CVKQNXlEWclolE=","H+nwqLgotDrMhkshYSitdPOX5F6T7WMeVo2SHsa47C8=","ZAE9WQER61L2OK3Bg8wM/89g6y+yBzKUZ+WRrD7Ybs8=","GsewZdf5PKkzi9tBZPaGCg44X4kTZJlOcnx5JnMi4V8=","Xj0jyxT2rDhrw/fKn6/nSfpsPEgJNHamv0Cy5eDgT1w=","Lu+f8KkQdOjWJ858LsDwMwtZrK+mqF0Y9EG1FO+/5kE=","aY3dYGI15XBQU0O14cm0vqehjM9kIKvniiFDc3zLlxQ=","Y5dOsu9lOB1j1kvKh/+TSCI5ECl2/pPWVNlx08mbYUg="],"block_size":4096,"path":"common.js"},{"block_hashes":["pYL8INvK0ZGAALaQ648jfsFOW4Nv1/eZw1cC2I2+aGI="],"block_size":4096,"path":"feedback.css"},{"block_hashes":["Ddrzt4b3WXKKBrhCr4hvcKqc2bboUcabiZar6MZXnto=","hDP8jzIfoDCj7aPTCp7eM9i5KmZyUwQjbfaRryFEdWc=","h9ZLHndA3y6eGE7uLN+trbR37mHGidGjM9n+ejOCL78=","OuY42fSF4RhvvoJZpljsyFoe1GCZ9WXz1F5kzynDJDE="],"block_size":4096,"path":"feedback.html"},{"block_hashes":["mwKTZ6OCIr/NBWSusSbDV0FF6fXkkrz5jZmdbrSoRpE=","Jl5wrtP+xgOfkOri3hnSZZtDCmNMbD5Cphwb/XPvIM4=","GsBgxbcVzDeuEndinH9c1p9HiW3AtMAvK1xQBhXHX+Y=","53P3XCI6M50C0w23Lt0D8NdUiUm1VomDGbbXkCR+L2g=","TRDNpkSp/xRqog1N0J9ju6D3P0qdbeEJMZGrcc4xrMo=","eAztOqYXIpp6w79jdq/1VV9Aez5UHzUn1phYvlo4Uvg="],"block_size":4096,"path":"feedback_script.js"},{"block_hashes":["Zw4WW2IcwQZ8J7V2pH7SQKd+g+SKQJ2H8ZyiGBHlBKA=","HiBiTwofvpGM3jTv2JPI9DpIkhE5GRDcXHTl5vtvkk8=","DrM4UKj6LwZaSWW36fuQUyvQ3XwRqVzrQCw0L8j53UA=","d0TXGM7pAnSzTv0Sv3VTgW73sQxE/C1/OFiKvwdnIos=","tG+VD3MHLG+T/VmB7NYk92Qg7QDSTIFaqOnxS1i+NCI=","bgkFAjoSskDhsbba/Ujy54qxcHSdgQg2WYHJPQJ9w6A=","n3YQ9jqX8dXcR/9OuOsIWFNtJyrpseHK/RNVvq6hno0=","8xE9HLb+aIiGiiIf63c0z+vFmUd79A2iWGpPiX6hiM8=","fIwyolptbM864pE0FQnqeZ/wXkL5M3aoHjwMqxfzEQo=","OQkTT9S0RwM4sOtF1lJlsK3OXOtLSncmk7SWmM/QXPo=","xMWoENucrC4bxPRyyGxw18LMlXVJWnsSbLT1HcctMoA=","Mm1HrB+YmUkie/tdDKWYTXde6YqKArRsg95wtYqnhik=","1BdH9d/PiloL6zWDDCha86DVvy01jMosr0/eHztbNX0=","aJbeZ5xygVZ8y/oIGwHvq4gPawyFJpeA5LN9Ty8pw1Q=","x/7X7O+FT6uuS/HEQZpY5Xy3ZxZWqk2Gk7VDTgAYkDM=","lhpr0KtavjcqiW5v6LaEonKujin/ZIVtum/iEzL51bw=","/9SO1THHRFztQ/1PJRjbppK58uHaCnJgHcjnn6GYjsA=","dCInWKlE47Ni5+c88A7cmyLe8K3WRfLsUTm8JxcZktk=","uQjgM93w+UKz4mecgqxwvgmsHsVGRkZouoqqV/Evr9o=","NrDQWdSIFMpjZ+OW2+2tettLW5OlG4sz3H+PrC8ExNw=","jq0oMORr9mrhNmLvRh2XnV2FKgocP0gL+1IZFqXP39U=","uCTeHtd/sk/uZXI5DIwagc9U4C4svlCylX71P9X4da8=","xDRxwo3nJf9VJUV/zw9goeSL8/o/eIAGX0NVvogwaaA=","4epKtbF5Jgd8SwR6+RUE3c7LiN8HQqtcTpOCRLgURJE=","+AHCE+F9if0kDqzvZ7+e0QG7/B0SQVQ9tKo5zaOkEYU=","14ygPnQrYwoQsYZaDcFf6auqkMy5IB+3TV1ru70C87c=","T0OpmUOVjE40e0OXFmY2xA7huG4AArNHw94K5vrKBKM=","SN3EFwEGBkZaCblrlHWqaADWWrvPcaZQgxbT2XrmS2o=","DOK67U1UUg4Z4Gcp8SAkGa2lGXsqpdWt8CFytTvUGyM=","uKsRlQTCc95ImFRy2VZ5wp+RQsvpYPOh/oT8vASIXfA=","zt3Pd/w97xIbTUApSfb5ZGIBvcpSRtbGd84dXu2BhgA=","3h1z74VhK4U/ok9WAgOWyECAgebdywOUg3nl1kHOy28=","SqtUlcr1xID+R7maXM9PqR7/tQXQGnUV5R+MJy3lHjY=","mdG4esBh49Gn3n2iXMM9A1/LqOF6MjhPc7Vrg/EjYhU=","5rkRwEnIHLAHYBtptWLeq1plaVW0UB2leGIrevS6/gs=","h3K4arT0eIRMoYLRh7+K4nFb7+iVnMYapZVte3rsFrY=","GrLU/m3Usf3KUV8fKfrNfH0a3qp3AuyBHVQGN9K8zuU=","gtnBqcKccVyK5zXLLZvmyq75w6RskqYkoDzzEQ1Kvjk=","zoRGqi3XmHA7xlM3S04ukTTUBHJqfnfhWEheIB6yUCA=","lhp5hNWsMM8EYzjSzPDFfEGM2LWKKOMe6heH6XhHqfk=","gl650WKhQkQX760TkayV46TlbCrJQUgARMQyyhwHm9k=","SF2zMnSYGjJOjjk/C1Xqs67/8685phsigJpSAz8wrvY=","/nI1ELN5i7+ssv5J4I9NjAYNt/Vd1Vt/jna0ksGeT4A=","2ozxW2swTKLwmdJ+fysV/hW3gtl2yzensQYkVEf6ZIw=","6SC1jW56ZaaKHVhr4/cZ0u4VEt2DIIjs1S/CB1a0hOs=","aHpS04k+nfeBZM+jHMyZkAR1qX9WLYN+shaNGbQmVv4=","6RDQafBd5xAhykLwJy8mHQjVeTnXzY2nj8Wn8Y5R6nQ=","yguf1ZoXSjCgyqUejpJygZAxEyuN9KDD0thZnAzWYyM=","UTednwCtVCiwfW10/zZQGbumdHUyzx8IdDiGrH88k8k=","w0I7gbxV29J8dS1YwYD/wbjGpVGkMYAJ0XBloTMO9e0=","+nO1bQzJQHf1vijDkK5uQTJCPtYPgvKtsAPfV76bJIU=","Mp0O+I97mQmjKbWLSc+mtqtQFFNvXZJNpXwNWQV1NVA=","/ev+qTNo/us7b72hyJtJort5QZxPKar8le44ZhKBLwc=","xDxw/TK13IVNi/x9wLUKg/lUIgK2qj0ukfV7SFxCRLA=","RXaLdqaR9V5KRx68wTV+MrPx6zpOjej8etZ6qHYwGYc=","KgBtbUkhNAcel+CHKfVzhJGbQBNjJBz7xUevjrZzdaw=","foOwjOo/gtPa8tR4oiZNwOFyquTcJvsqlENuVuMMxj8=","MjGwn+wtfh8Ly1XnObvxKg2Bd2svM7egl9JDG3Yp7Yw=","rt+rO+3QXFXyzIv0kAe4GJtuVkMTamOiIeC6g48LWp8=","QGlPLGTRuRKxu4g98pjzOXn7JlkGjavUUQG5IUeJAC4=","4vOyks8vNa18QNGwAWsTzdsfr3bx+vEbd18L9SalLOU=","LcCowXshyCPGatkCyaISbEE6y5rzoIKuS69XHBbOMoI=","JuL2fEPzKznfJGNWbTL4yi+rOiXq+Ydc3xvPKkK7LYw=","9y/716Lrq0vtl2SUY4glGFGJCEBEyuv7380dFn5DKnE=","zu1x1rdyUMEFM6efO7v/1f7SYweAT40O2yZJ8AIGmv8=","p12qngNvtXj71A5WpGzxlMU2K/vUmcgm5Xj+8aDLiPQ=","kEFLgPeO/La9OHsT1CZv1Fgd96jwJlyQRPg5fzOpJDA=","Ud53G8oTyS7wVP6QBsLIZok9gxJidVVujnOuLZd1qv0=","dQnisFetOG5285PgeULvE2bfybOH9SFREVO57GIm9Tc=","Z/3PqET8hL2vchF0aeJVjsTHGhzYoe537x49Erpxcr8=","YWIWOFYZOqSTzFi1jR164t5cjQZ93tbDnn9YKwv+/6k=","S0BCwiY0SK+uCK/AisZjVuD9ym8I2VS7mD3goAJkVLg=","vXRgfievf4wn+2ohUnq91YR9z0REAY6AAq5O+C+/400=","UX2pDoYfH0HLIJhYcI0Ftbsz7LLeGv98Fel9yDZfWok=","VEW4u47GlOhUAhvHjgvAh5+jz2tGXRzkejPirbGGgCo=","0yQpPWiU9ycWywU2m7sN1l6JYhSfMrduBWJOFRQ0nh8=","qOO/AaYa4QyTjRM5kPbsfTXKXCe9Z+rUMepYduZIpEw=","x4trG3gDdjVLRTc3+JdR/75G4GnB1Zv/sJwJjaPNx30=","M5dRPhbwHUXPmfK9ZOrU9GVIW+o/+tfg3xJRS9usuDs="],"block_size":4096,"path":"material_css_min.css"},{"block_hashes":["FXdnoheq6TBDTLP0lWylYjK+mvclL+3xpbynH0LlFEw=","ojVxI8ISDjyK35+wRtZ/jF7owVLHVEibpnSAoT9QU/g=","JFV/2oAb9mV8UdR6rvIlLtIIEqnL9OH3uXXi9no9o2Y=","VZQSklpmwrBsO7LJBVkyOLcAquH8z4QiaPTs4f8OVsw=","/hDLQ57zZPxLr6J7no+BomKMC0MfSt4XskjTqsXrZNM=","Ubi92Z5cp7cpGZunOVvecokLPLMXJiQqiyV3gUKTmj0=","Z48BWWkZBTOcJ2x0Z4pC0EjxQPDxM5nenZF5nTQG/4w=","NDR2QuCSzhZKsyE/n7En/bmeY6TIuX/la+7BuZAVMJ0=","Wo6Oyczs0CMWVjf/XDA6MIAjX8+2dygErlf3N35ikN0=","E3PGOS0j8wAsRN1UDH6NoNvEUQ4b4P3bw5ADpZn5kic="],"block_size":4096,"path":"mirroring_cast_streaming.js"},{"block_hashes":["7O22v3Cp88Rx+gzlaa/7ID6Ej7I8tVxrNcNF1h6VKdk=","37h6oIhdPdWTk+SkFTd/n8GZJ0vsdD9mP2wIYrwiPk8=","OkzNXb33CGWRqS7O7LWZg6rXeaF5iS/BY4KjQzA0R90=","F8BU9Er6+tFyfoyHKfpfL7u+Q/0nwxW7JSxU3o+jrEE=","DqeW6aKDc7fU+wTAphdmqHS0brtUswSFD9x2OBKRiBg=","mDgOD16nyjXOtEMUbtsFlCUOWXUbGueNwcpXjdue/U4=","Hpnz1MLYnAwgqhKKylJbDmEIna7R3T3fXFP0yw7cL7k=","9WR+ijhlTAqbaS1zElqp+isrHZGaTuSYRdnC/i1R4uw=","mhaXdhTeI+5/e4lxMGqkRxG+Ik/fomiFZRKqrp5RDOk=","u/5RC6DtOXK8pkcV6V0ZVNjRSShT/tyRQ16zzF2Sg48=","eLKis5LfwCzOmVbc80pMEMf7xzRL9TEW6kKSLwrr8jc=","BJ9LPVKj4B+Nyfq23nJxQvR/kYaTN3ac7Oy9oHgrAP0=","Ie11xT7ByQv2ZgPruGdFNQY+8QXs4HtQgpFHXx2QtMo=","96slV5bHqymF55RynisGXGVPm65swGERgN07phMO7ic=","U9Mmc4kNHoGtkJxlmPUj4w0bY4WaQbd1EfTS3e9sX8U=","dIwHMJdBSprAUwPucUk/n4rzaJkA1OTgETLpEDFCtIc=","SG0Mh9XbM6HuB37H1szgn/bCGesFcyxlZC0wEna4mWk=","kI/x3ObSqKdlg0+RT8LaatuP6p5tfzqjrMYSKZ4mAeE=","bXRFjcU4lqNwdJOMqtDcKq6rvHykE4BmSod2PwITTNk=","S3qReM15QxUiB7V/z/AbyjHrmgnc4rxKg7X8WdkfDWo=","XsrY1lRutdrBAhZoKLbK/aRDdCjj5Ygp2BvPSfN2tWE=","2VCMsI6ZOXKAK5+RhyCfgEDIqDRuR5bU60JPecmy14Q=","D2Ctpe5/I7V2eS1k66mcL3ekDnORG0KJtwiFKOtNL44=","LD+oZ1I4s0cnGXW2vhg/6PuQctRfv04B+d7/xaGjyTs=","viv0H9PRPFrI6NeOfaguMKHSs/S5urB89Na0/Gav9ZU=","RwZpxpzYMS97Yem3BXkAQZxTpU/qjOOdnAkJ72dsPDQ=","KpSHs0v4x5c1L1KKLc6bUKF3t649k837mHFDMK9gsPo=","g5OlroVy/myADdvo2Qkqw/WHG5WXOhcoPCyFwJBBDzY=","yjz/tTd7yx2g+uzrLvv5u17K1C/ZBAufpTHL5GfuMK0=","7BZ442i5gvB4nEEvq8c/y3eieS4Br9YKgsKk+C4pabI=","TG3al0jhM/2U3+0i8ayP4zWrG6lyPT4xPkvO4nax7xE=","ZvqfQq4DUZEq+pC0AYPbMyrhPefO4ETQMtyHRn3RCtI=","K/DZ8L+d/eqtuXoVLtvkSn4wJOpPlP2K0QVshqO1/Vw=","uKxsN95eKIZGB2f+bb7KfMlRSrGBuFYsfx2PL+hKPnw=","/QHjcFY1y9wTSBk859t+8YIt7e1D5YK/oTG/vOzgd64=","jvp8Ppr8Wk0bXSlyTxR9rhmL/H9mccCxMJC1uq+v3ys=","o2jkRwQSU1XjlG0O9XKVefJWY+NGCbo8plMtGWlAWoc=","JYRWJNwVC1/dic6eiOjNxSjemxTYy0Z5razOChDDG7o=","RxBy2Xf+TXuQuq1WEo+3lUBkYMy67vm6zcsz8He5pZI=","NJqGVMEp3ljohiM0m5SgnMx2Pis6ufsOByJUOstpfvg=","2Ox2B+S6ZNLuJhHN0COjCfUUga+Q4udAYi1YIxop5/I=","lOT3dhvVesedfSWD/iwkoUeKU9mbXXLYsyacO6AN3zs=","kEU8PuqdNCnDodHbAkbHSY59K7lsyvkOVQNPtMN8Vrg=","RU1y1HePuQdN+4vrQsd6188bdhSmS9de8R5ZS9jz3qQ=","XNeB4oPXNj52vMzhRcnUNLNXP3HxiSuMHBXv6r64ndA=","7HxQkoci6vBsbXxZvN/Sz9YrORNpBZqqG40VfZXl1JM=","L33fRo8spcQdcJEoPM0v58ssD3SK5Evxfue3EfA8ibY=","kthqlzLYdq8UoRLlKpLjdxbH5nfn60B1J3fkomCeCWg=","NIWhdNGaFpvcoz0wbbxACx/6fE0sPcX19cNMozOhK2s=","WgeaLBwcFmWa9+s8rS75gmaaDXsOqoLMukQ7aYaBtAY=","yA8waWM+xt6wrwfwVuAlK+rvKW1OwDO1QxcRX1tN7h4=","MEGwhoBm59K0ts338YcjSwYPUsOUmOUiMeHQERAIQ04=","377eg8mkf08bJvm5+ozAP8KqoPJ9lYMMFR6ixUhxLG8=","AkInGH9XCH1aLw8bBgdAChJnGW5pPojy6h/phQ1+g+M=","TAJ44MXmxJnNs0EK2R+QiaYZmBxsIDF0a9v9strb1aw=","qiVlID/ckk/QU+fImJQH3KERCct9xzfj0XJZKsG1O/k=","X+bFqgfUjaXp4gS3771tiywIbJ70Jb3VkEndKJg6JBg=","+Zl4FuCzpWhs36YtR1TIJqmfpQ18/t+wR0+lEztjOiY=","HKXHTIefGv0gIcBa2Lpn7rbCtgzPJiV2Y8bL4OYUNF8=","FPILMowkCLZt1aEILUNFIKHRcs+6GJT7u/UD1pdeknM=","uQo3mPh0NCcwUdjJ5hgEw6Katd5FkhjGkCBDQCDJxQE="],"block_size":4096,"path":"mirroring_common.js"},{"block_hashes":["DGXUznWYRe0N/oDeJi4YvTVAJORzy4zCAHEoEVQiqSk=","CI2hbZ8ZbRWRbg6aI8iNo4pNV5oyxtAM9exZez6csFI=","Pw8BbiJWJGSHEfIa5JfC5MzHqOIQ6SjVOy+aUgAzbls=","3brWGkkL1zVBF+ygoBrpKCaC/9Pt95eprMDVZrq6mjE=","bENZpBf2DlRjuvJxIyV7McQSSIwJfXuH4NlujTtZwmQ=","RbA9yYqcPCdb5QW5AVecW6e9Uw762amqUUtbV+CRvXs=","uDq+5M9YOBJP6HWIfqq/CbX+ey7GvcgQXJvki6nIOJA=","L/aaHKx4/JHvs5Hn97uEvz+W7c5DuxQCJrYzfPu1XQ8=","gfPMiV474v8OsAfe6lvjLEEdRhQebNYkuJ95aY64MIE=","sFiZT/xal4/2OvbvrMKNY1Vz2H4P97NnvtP2xe3qVNY=","dxV0WXa1RAnYtrA3yuK7juLbZNj1IZk5pK2JsnMz3ac=","NMM3xL5oNXVYxSwKFsAmr1Ls/TpDF0pCx9WI7vt7H94=","M8xa9m7IIlFgDT2MpShkf+sYEAQqMnF4FINFcxV93lU=","2mbhRMsLQH1hX/qJUHzd6TRBFy8Vnc5/xXIfSabTksU=","9Si8n6nvyqhpj1voibXLJSseJAoJmKSeVtf3GLDox5w=","pBY1t3r5Ya1GQ4hODIy2BryYDOsye5qnWYC9J/ZUqyo=","+plKaXZ9vMnxgY+TTD6N+Zh44pX+PZcs5wVPiFAiNpA=","2Q0m6gTJASHqnCQcmyRu/Euqn6JbNQIc4elnY+zUWwg=","Rpir+zDBoeH9ke30tOAfKoyWcKVKixiT7Tc9OidAHp4=","45fo+VvVxJOe2iaiEPZgN+DpqMP3RprLzbxw8NwJYLw=","3N0Zg8PfLVBv5DoLRhc23m6XOVYrM2A48ZrtRQFwrws=","q1WRnjwEpfXwIABQ5/kr3XvU6jbDZjDbPWK6TraFscU=","brUkhw0KwH31O+dVXEMIZimNr8mJFFyYxtpibyxj8Gc=","r2nvwyUx12XdLHy/U9cP1H8s5ElQ3exxDJCiBYTW3qI=","UwCd8+4q1Csb7QbFN7XFxwFk7zmHxHiAH/iZG3pQNBo=","ngRTYLBfxOgheN8szVGaXaLBm6xWihVPyyb+KTd9keI=","mXMA4gjIZAj8K6jSBIqB17+AuQNwcvTFEgmDYN9MJeU=","zRkeKY8u8tzDtvTqgYGOCA0FZPLmzBoU5japEBtSwPY=","sCXxYZG0Mizv6oTtHylE++N2bxKjahgF7xU4CpO877w=","+fvYOCW9oOLPpl3g4Ul1zKUNSe2qEqIdvcfBUCMSXok=","OFlBz/XnZ9JDmqBxklWnmvNyaIZD5MUXcOUVb1N+yQY=","bMgvrI5SyeywMZdM8XPuxEVGsDa0ooXJzqjmglGqbBg=","dEXHcGYnGjbUgcj5WFj2zJcQRg/6sbS1nOcMxjqxF5U=","gLb6IITQ7Q4tJlnCP32yaOK4kdm2IbZkN91m9g1iZ9g=","5dLoXYTEJABDhMIp/5qrASXgUZyd+nWJnMGtc8juMN4=","jFmdLYCpNyh1LbOBVwavjIWQmlx04mM7jkN6yVb2lgg=","xZc6PH9kwXt82S6stNq/NYV0a42WOWGErwxNEi4Qfuk=","Scefz4bReUVe/+t/kGOb7+z4jfHrQFqsEJhqe46zYgM=","IMkYUmkMlw+IbzaioUP+TtD+KzJzUmSVhIlFivNZIbQ=","tZRw0RLP2Ad+iei6adcOtAm2QI5jAJNeUQD4D41S9K0=","TQadCscv39QePLSLpznPcmKghxry2zlakNR9IqYcZT4=","Vy0JSuKKQu2qpHfmwgHzcdP3QBv4H6j9IE5VjK38iSo=","1W0Dvo5Msnad2PWtu0QB0t41RA8UpZiI2iQZ8QU1e3w=","3yRZhFWkvwRVK9DgiNo4YtNKNPV1cNzH3lz9UCZlM4s=","KSvUs4XI/FXuDnWoeRAdKY9K2d3VxZvv2kWLVSWr99c=","zlpk2UWyCvYF/y9N4/8ij1n4LPrO3seHjvQLyqXgmeY=","g85qCVsb6GTOVUsdyCx0iJ7xMORuQEE9IDbDmbY1NLc=","zFLB44vbKB6MeX6LPwS1aV9dqxRfFMxrP4P2xU70MKo=","pp/q9AgEs8fiMczBGGhGjLQ21FK/gSeTGOMKRyfJXFA=","jTG1VOgROePRJA+gVLnAQLTPk30v/H/KOKsIiHonTVI=","L0cvvcanL2sSKu7aGawuRVoPR0G670rBruJ4d8ZU5mw=","acvluP3gb1mENiemueZogTrUaiFk7fL6xkpWTgH7tlo=","I00m8XVaecJZGvrXJAzFlZylMLqRUkpbpi1nxEBVUuE=","znd/vG90/FjLL/cDzvk/HWnivhtif5wYLP1OmYRkO74=","M4cUAp44HWj5pkz3J/IsiEZmGuEXOHNUEYfGGc6fp2k=","+7ZXa/s74iulZ4u5AUJJNmgUo3My5MY837kh1adUw0g=","f/kmZBWtJdRzJ7qRPqM4yxtZP/cOjLkIxMnEiS8BJBM=","A2QIcCVIGOMaSEgMt9GkwfsykD0JjaRZWT56IIjn0hM=","X9Gobvc9HruhacYNJc78KI2wmhMWKX0h5rOPZjMxkTM=","6wTCDpMoRMrD+FFdxFT7A6iAKtrnJkGteDeDj83Xvns=","J1JqUDPFiefFJWsfWYTl72/JjMTrqLsWqRTzb1MiPtM=","ZdnHskC3RjTlsvl7z1CNH+4g/dM0+l1sPXohjK+az0c=","mG7qRV6Q49nbDrhpeFZSNrLz1DFaFf6c9GdM06HwsOA=","LVSJUjzERnO9TC/k70BsQhz2HHhadTTtAhJlDa22s4s=","sAEZk5erTkYatXXZC4q5/eVfWoxaKM85yBeiiq4nB1s=","AujewnU6PxOyR6nL1JLR7MS87gHXggYarDOKz3UxZ1U=","3FvnCQi09Z42Q7uBpHJt5R+Dis865BXUf62/12JWKb0=","HbmP5nAa90lv6k7/h64+ucmE7Iua33eq+UkhkYW5T6U=","HJRQ8fvWhzYgHGuawCDdzT5I11KSNuaQaxKW4teDTpc=","oubKWdg4w9f/3M93bZXqLmPh2nd9i/AnWkplaBLF7GQ=","P+lvVd94hOj4P9wSpV5PQOEXzeZEg2inpgbtdiZN+ec=","P40iOQOFiRi6OzdjWUYOmI5nZnGZk6/rWMCvfolCpEI=","khav4CpfQYfZ95e1CecYW5aRyn10OhSa6TC0cbxZf0c=","QceDrrTsAyJJBh5YeWoRYflbFXRTmfxXCkOIMQscJhg=","8BmnGNJ9RWIFW4qrGDxAvL/ydVhZQFH3YAV/cc+4jeY=","RnNNRUrLprh3kM6XdOmHXEsj/uylO0B986ibx9bsT+Q=","WUfEKYPJxhM2LgN/dwlJvq2rNd4QrPOij+dVz3vuwU0=","oNnLZ8o3z5DcfHLwOT7bHRUFdhiipA1a9r1l2bLUdkg=","D+sQ5n2YTtUZeSuGzbZCIbXlA30IhsF+i2L3C0d5dzo=","jfEPRSgRO1mAZciuX1YDZOnN7zRGJam6DlAem92bznY=","f4aBFVhQR7aUnicuqrhF3c0M7fDEpBoU7lDXBTdZ4bo=","2z4fZPSB91AJFYethCQwMk4Nid82VUuq6IiOPqpKkNc=","WuEG8AgCnCOtToVOO0+ERZEAjLaZHBUFZzwl6XgtsYM=","XFp/KsxwM2bQ90uUuNbFPkWlppYIqXwF7u2PwozaTNY=","xThi6qi4C81pGpxmFLyRmo0GwiFzzSSI9imos/fQuCk=","gSxSf8atkLj9+PNb+KMEuHqfzn5FiGbFKxchgTB66PE=","Wc+EgVY8FEJ8VwPk2xiySm8lKhLAJYJsTeVNVuI0Db8=","7tjrRp5/AxhthjmxV4qgEnGQD4LUPdpAeF7sdbs0S40=","HhsOM9a0/BBIZjvq0wzir0olrfGlXEZ0lZU7R62gsl8=","jMJvWjozRWtHt8ujGUCwhiAU0xjZ0sJfOH+0/G0kfs8=","kT/4vDu4LiW/rEVu3TgfyYwDCvNeURLTu1d/9dzirpQ=","Cok0qsAjObJ/kEP1vOLUffLhaANDk42Pb0gt9fQRjvM=","qbqY20gk6vVLAQJFex7SrTbMzw2zvST7yBpcnrtRD3M=","EB5wSr96JAIAGYhUL+TzgRO5Edsk+GPYXJJ16J54gG4=","1NPn/tPI2Ux6FLERsbzk8gQUQgCMk7BLlhoB0jpJuMY=","LND2rUpNOneIyASnOMoXWN8GP1kIhOzKEsBnOmNx3fM=","1prMYX+9Z9lHF5ZTCtIpQRqL1S2SnrsB25IzWnkbdfs=","Oizvors3wMSUsFbkW9ogZpvQOwwKyMR/t/ctcGcW3XY=","c9MpPGkWSpss9GluXJMnsNZnhi8U8wgOizNwBpCURGg=","8laFptyhQG9mFYj4VSNKxMMqbWixizJcZhRVxv5ojic=","tNl6h8UviDYItfbhuiKdPAKkoNSYJqT9RJI2Umqz5K8=","XzkseXqlTGTm0FDGKIoSY+22Im7FAkP5yeAA+Jlo2BI=","0OraOg0EedWPwBVWq/BZqKseGZv/3xiAXSLDwj8g+kU=","Xu0V+/rCk6PeRHZ9e5iqwWThXuCyfjsH08HHw2eCZPE=","4SMkq02y5Dhgxlq7NMeQEBRUPQaAikUcJW23n8nvZmY=","O9u7YGMe89Tzs+bKBnbl/4NbRFKRcZrdlaNI2hiBV4c=","HP/ErlPdF1ijskNIsnKj5FoK3egTtOI0QG4zQyNeEes=","D3RoQjZRsX0L3yNBQ/lBgGYpuLO1+1k1fAhyrFVjaI4=","9EvwJI4bqsFIhChn8IqDm24kEoeaRi6OzLmkVn3zg4M=","NoWLVPTyNPLAV8Ztcf4TuF8HGuSXtzXJW9kIaKrzjUA=","jtsxRVL3Bt76A80KlIMudUtCaLK5ybinYk8cwOKjlsY=","JutdJwRbsFU/sInSB3sd7XVl8nYDT2hp9U1HIS4ihg0=","Ra3HhOGzPA5OZbi+cmRZgH9urxOXQ/47zTdWMcvvVsM=","6OUldse4VhT4au+PL7BDLLv9C1Kozj85zV9umRMu30E=","KwrAxsPFUqo5VFj43PyFqlERvosU3EIQXunzlq7/G9Y=","pjJzMq2fJMsErEqPcBA6d79H1pOham8D26pOBX56w2o=","PG+9KmESRTXeyuEsESjx/gaogUOd6Pajivd9a30fYMY=","IQV87AK/l6CbbH8xVpj9cTByRI8JcqkyJa/+p/SKj8w=","JDIlnUStsAsIJkOG0vJG65Lqxkfw29Lu6iiUYThXvDg=","pZCbKuZyacIFARktH3JdPNfKQnw1hBFSsxPswPEjx2k=","KOK799FBYeP7K9k4oSNaBC9b0FJHy4lILl7I9nVBvY8=","5e95qxEUlJq8pg7/4nZetClFFG2h149Qfts1qDNiyfI=","rh5JdhhFFmGAlf096+ZLcFjGzTIiuj93dLuMPa4Oo9E=","NIRZV76d/w4n3M+ggihOJqzew9m8+kRpZrXmMIQIYhQ=","ucIfFMWIk2DMBcM2Ky9fMzQzTzhRyl2vpoU5zKT80Vc=","p9caBf1Z/lShmNJWS/c+ZbXu4l+vBtzfhJcx5cAnuzQ=","s95M0wNYquhytzStiLRalm5n5/jhRYprMuSzo8EyZ6k=","4gT34y3EqHibb5FFLKmr8K9tlQlbUu2MU0ujHWmdL3Y=","NBmCyb1uhCIV4ClPS4TiIgx0VJaIqPsMtOIjUabU0Hc=","ITRpAm+lWykLWpy7fAsc/VJD0/J8H96gtsZTfX5TJlU=","dt30jqw9O+6Qb1xhxXmA7iI8tYmiJbGXkr4Uz/XZduo=","K5jnROszizx5pUWh6p8Lqe2IZKhehdyEvUV1AfTpLnw=","z62I/2fYYKsPVPGuiTQMhbg1EQvP9dH5v8zuY0c2raU=","0bglpZCNDJJmSPQhYgSjdLW3btKdr4F+2KhRxrHk8x0=","eLmnIkHzbqerFoT07HddIl4wmQR9VSrBD2F9cf5SgWk=","Qxmi0RSIXlwcSAimAbHIZXkG30kPQ7WY7tvgi2SYHS0=","x0ieN7ZcdMIqAq8U7dp8Prfpkpj9p42GmtW6HTgK898=","7/K0EfQRSO0IY+1DlzvKgkKuMotlRzvus7v1NRsUCF8=","btldwyWnbUj9yO/bs62JRr5Ppfp0pnY2+3pBMkM91SI=","ti9ayU5HVxc7mb04b6IdgiWAZukuJekaG+IxzivZbC0=","XQHROeVArLVDojG9uIF+1pP/N9JG53KJJ0GVPN0r4KY=","RzZfGzK2JN+Ng/G6Tw9M4LOKbHdes+OCaiYgsYymqKM=","+lthbi/xtIsl/juRvxOo/2FWglhYP1dEZGLRW9iomHY=","lJlzLEaWtct856UhND2JGo6jC6jBf6E6Y5bt2pYUiFY=","icY5wsqNTMDdBC4lI6iciehbm7Hi2K/UhW6eGMPkFSQ=","j80v2ZrYEt7xe/YIW11XbPkc7Xgd+U1AJDjwlPKAKcs=","Fm2IMG4QxDrsRiMn4jrC17oJM6JpuqxPhXZ2rHhN1b0=","F61CZfiK++/yCyY7jWBo5PjbqGBuQ80iYfSv7mW+TMY=","aQ07QOKQbmgloKk//y55jGtN/eygo5z1qrQC0oy4n+U=","+Z51SZc3ERnh1mJRWwysrlTyOs0ZT+VxBTqUqMNd6DM=","wpj7SD+AE3mQQLuZ12w42BXi75TSZDeOQ6QmUUhmX04=","mGoSQAWYp7TFzhOB3tZ3bCB57PkVjfTqFl9/HKJYf+8=","kkGFVPWDZCez1FQ6v7ADvA7WTOU1KHFiJiR3YgEFV+Q=","VJpKf1IqjLWWEKhlzJ1YDhz7JtxhMUCQQAn4PU7FcsY=","ZSADabbC/yAki8bmMicwsSpE5afiXVtdSl92I/cHrcs=","XGL+Cc28DCaDJvbbMxH+mf79J2t0G7LnJDtmxLde2Ac=","2+MZ5Yy87NaSk7Onaybi+9+EAyd7FHg9xo9jWyJQim0=","Sl3Fpr0jBtlUUJAjOsXrfS3W41B61O6tgIGP1paGLJ0=","j1Ikn2LFVis6img1PUSihSEFASkZ8xZmpNqTCk+RGFc=","F8coAj3N0rXW6YmgqR4GUGuwcNc6+91aamjYKMIj7Fk=","FT7esctZDF11FqQYf21Vsk12CDQ4NBxY7V1USjXJXec=","foMCCdTvMvh7hX5o/XBxa/h5zNjPpBay2GCGtOqinJE=","M7j1xYpWPphmHci+cpk3ed4cJ41tX+n2TbWorojv3BQ=","MEiRm+HLy1QuiOZFlfE1DZjjmghuvZ//PND8wRJBGLU=","TV/TSaQPA1gMHcq9tazXya7ISn2QozeWLq67Ki6gCHI=","3FP2eJSPhlVyk4RLFUVftoDfmb9qJGLmPYwAFhhbtdM=","s1+FbeddjTAQIZfcxyRxROSZqN1LWQHurySNqounmQo=","jl/dG+KbjmoLlduds+0CshAiM0VNOP9ejk64XSbIc4I=","aSaOWX6IWI2HnFWgnqe+m4oYtXqPtDafSNF1d7OkwqQ=","Sm/VFxCuhXunqNBB6RIJqWTkl/TMXwgrikqkJtn0Nrs="],"block_size":4096,"path":"mirroring_hangouts.js"},{"block_hashes":["co7XrVWsWgxQEJtegC0EgJqZellx72H+fDAAmEhSESM="],"block_size":4096,"path":"mirroring_webrtc.js"}],"version":2}