{"file_hashes":[{"block_hashes":["qhIgWxCHUM+foJeEYabYiB5OgNogqEbYJNpAadnJGEc="],"block_size":4096,"path":"_locales/af/messages.json"},{"block_hashes":["YURw2jxQNKzmSfF4a+qq0slPRHW8yIWDkLch8G+3v2Q="],"block_size":4096,"path":"_locales/az/messages.json"},{"block_hashes":["3fFoWaFfPrMzTWJBl1yjmIrD6vw9lkUqw6Sv02RMhVA="],"block_size":4096,"path":"_locales/be/messages.json"},{"block_hashes":["pIJmMpKpE7AqnN5GNcfJInC/PIcm/SdEddwsSQAZp8k="],"block_size":4096,"path":"_locales/cy/messages.json"},{"block_hashes":["AQ/dSosZDgpNzo/PW9cXccnHFlI0z2nYvme/L5tqrtw="],"block_size":4096,"path":"_locales/eu/messages.json"},{"block_hashes":["mJBxDfD78dtBvOQf4vYkJKO9OddV0p6Cl0TtPaDCzh0="],"block_size":4096,"path":"_locales/gl/messages.json"},{"block_hashes":["Cxbj+L2QSnZyhDRa6GoKmSfEev6J4F6isTrYAAm9+eQ="],"block_size":4096,"path":"_locales/hy/messages.json"},{"block_hashes":["4WMl0aZB73Qh8rr81kM9U1Q8idSY3ZZBmwPLpgucfWA="],"block_size":4096,"path":"_locales/is/messages.json"},{"block_hashes":["fbbn3qRPeMeMnpwugYZbvp7yd37o/JKMeePUMlH3rm8="],"block_size":4096,"path":"_locales/iw/messages.json"},{"block_hashes":["MImLv1G91Y2zl/94DwYeM0MaOO9c/CiLUXfs92s5nyY="],"block_size":4096,"path":"_locales/ka/messages.json"},{"block_hashes":["VI3GyW4xoWzjVdxVxkgzsI7z+6i/MxSQMbSmhZWeOvQ="],"block_size":4096,"path":"_locales/kk/messages.json"},{"block_hashes":["phGPCg3jKeB8AfU81vtP7UPlTF9T20zRx/WytNn7EOY="],"block_size":4096,"path":"_locales/km/messages.json"},{"block_hashes":["iQgvsFIpgmvCIvXSLBWCNfAl8ObfZ/8TWhi9iZ4Tu48="],"block_size":4096,"path":"_locales/lo/messages.json"},{"block_hashes":["YT2HUfbMnT+jGfS36osr077Tf9B3SCyoJZKd18Eqaag="],"block_size":4096,"path":"_locales/mn/messages.json"},{"block_hashes":["JDvvvWtnohQz3Ml9wacoiW06Bw3CAFXrBNZE4buVX+c="],"block_size":4096,"path":"_locales/my/messages.json"},{"block_hashes":["s+HGRYr0i5xQgEp2p+belX6TNgh3nF8eihdmYjvR8d8="],"block_size":4096,"path":"_locales/ne/messages.json"},{"block_hashes":["s+zieZQ7KMjYVeyGrBzlO9+2pwkkDWU1CHZEk6dfdRg="],"block_size":4096,"path":"_locales/no/messages.json"},{"block_hashes":["lMKAtddlshszs3A+5EhRfTuaSnmdsf/uMNSSbcQAO9o="],"block_size":4096,"path":"_locales/pa/messages.json"},{"block_hashes":["VCQevmUag0QjXMR6/SdMCAq668jDolr7ldg3O2pWcKI="],"block_size":4096,"path":"_locales/si/messages.json"},{"block_hashes":["UEVJBXpqGCpATDYRLSRQhkpstFdM0Oj0NcpVb6xSqwo="],"block_size":4096,"path":"_locales/ur/messages.json"},{"block_hashes":["MPRM+tBS1z2G0S+iDPwRFWOjsuRSO0P31m2TS6jazpE="],"block_size":4096,"path":"_locales/zh_HK/messages.json"},{"block_hashes":["7Hjd1MzzK1127HAaIBZ8P70UbXmlBeT7BCH8Hlz0qmM="],"block_size":4096,"path":"_locales/zu/messages.json"},{"block_hashes":["bGnOD+b6sU8ZkKMg1wT+42LBdcAOtskiSqb0EQiRjKY="],"block_size":4096,"path":"dasherSettingSchema.json"},{"block_hashes":["NvvkR29f3h0VEHj7VvpdfxI4r2DcoYmX4vaqTMppPYY=","CEtvugQzYPo5bMJ2Tdnw3+/MtB+9wJDSyBbcYHsJ1z4=","y7+fWmF/PMFk2lSLeeewbls3/oQnm/FsY/qy3YI+jjg=","RmZTXR+H7Yd75EIyQ9HjTDpmk499TEM5l8vdhA7xCeI=","e6nbyjEWSKkhozo5uUyA996OmuRCLBPnvvPVJrhBF8Q=","1m8ztcv2McngkRASrKKqTyTyV12eaKV8b8R2xtQLnr4=","Dtf9oaNNmVql1ccP34tjjxZ0OUv2PHxmi8TVgu2kB/0=","SWEUj6V+wvUcUex13WNYbsHoeJf128gWx5NnbbBsfck=","TbPWJbF0nRNJ9arIbkb3KOAiOQqkV75C74YKERUVpxk=","vYAHDPVqXfqcmiMfdu1CGZqeiIgG4T2ha3OdIcsxmjs=","A6VnON/j0juE/5coZ/mLIlGyWAbhISUak3ajePz7KW8=","gPDm4bX7af1ulo6KhRgYM16xgWEkwWM2PPH9Vy/FIbo=","JtC6MiviigkJ3/JzkBMyQ2anHrGSQf6Zq4pUmZcR9QY=","XvOUTsiDpT0Cw0MOOMWnyUpO6ZpioJP3ZnNF4v+uIrE=","mF1p8ySkMo+sNgK4uBK6xODevlAXp/Esr7J8Wf+U3M8=","hXMZsLpP6C136DUPIvD5bS24O8LFMLacri0uwnuu034=","yqpUu6udoMtGYMaQ6KKADSddmCIIlkeGTZLwhj+4GTc="],"block_size":4096,"path":"eventpage_bin_prod.js"},{"block_hashes":["4cTgFQUT+YApWwaUZvx2JLc+/GFTpKzAzBM0dyoRN8A="],"block_size":4096,"path":"page_embed_script.js"}],"version":2}